<?xml version="1.0" encoding="UTF-8"?>
<project-private xmlns="http://www.netbeans.org/ns/project-private/1">
    <editor-bookmarks xmlns="http://www.netbeans.org/ns/editor-bookmarks/2" lastBookmarkId="0"/>
    <open-files xmlns="http://www.netbeans.org/ns/projectui-open-files/2">
        <group>
            <file>file:/C:/Users/nines/Downloads/RealEstate/RealEstate/src/com/realestate/mylibs/Lot.java</file>
            <file>file:/C:/Users/nines/Downloads/RealEstate/RealEstate/src/com/realestate/mylibs/ComponentFactory.java</file>
            <file>file:/C:/Users/nines/Downloads/RealEstate/RealEstate/src/com/realestate/mylibs/LotFactory.java</file>
            <file>file:/C:/Users/nines/Downloads/RealEstate/RealEstate/src/com/realestate/mylibs/Authenticator.java</file>
            <file>file:/C:/Users/nines/Downloads/RealEstate/RealEstate/src/com/realestate/mylibs/Block.java</file>
            <file>file:/C:/Users/nines/Downloads/RealEstate/RealEstate/src/com/realestate/mylibs/User.java</file>
            <file>file:/C:/Users/nines/Downloads/RealEstate/RealEstate/src/com/realestate/mylibs/UserFactory.java</file>
        </group>
    </open-files>
</project-private>
